"Auðkenni ráðuneytis","Ráðuneyti","Rasto","Stofnun","Gjöld - sértekjur","Lokadagsetning ársfjórðungs"
"00","Æðsta stjórn ríkisins","00101","Embætti forseta Íslands",44460238,"2012-09-30"
"00","Æðsta stjórn ríkisins","00201","Alþingi",610926774,"2012-09-30"
"00","Æðsta stjórn ríkisins","00205","Framkvæmdir á Alþingisreit",0,"2012-09-30"
"00","Æðsta stjórn ríkisins","00290","Stjórnlagaþing",0,"2012-09-30"
"00","Æðsta stjórn ríkisins","00291","Rannsóknarnefndir Alþingis",88137626,"2012-09-30"
"00","Æðsta stjórn ríkisins","00295","Saksóknari Alþingis",46512,"2012-09-30"
"00","Æðsta stjórn ríkisins","00301","Ríkisstjórn",54771563,"2012-09-30"
"00","Æðsta stjórn ríkisins","00401","Hæstiréttur",58540077,"2012-09-30"
"00","Æðsta stjórn ríkisins","00610","Umboðsmaður Alþingis",34800781,"2012-09-30"
"00","Æðsta stjórn ríkisins","00620","Ríkisendurskoðun",110685080,"2012-09-30"
"01","Forsætisráðuneyti","01101","Forsætisráðuneyti, aðalskrifstofa",80074496,"2012-09-30"
"01","Forsætisráðuneyti","01190","Ýmis verkefni",21470172,"2012-09-30"
"01","Forsætisráðuneyti","01199","Ráðstöfunarfé",0,"2012-09-30"
"01","Forsætisráðuneyti","01201","Fasteignir forsætisráðuneytis",19354816,"2012-09-30"
"01","Forsætisráðuneyti","01203","Fasteignir Stjórnarráðsins",23402790,"2012-09-30"
"01","Forsætisráðuneyti","01241","Umboðsmaður barna",10132486,"2012-09-30"
"01","Forsætisráðuneyti","01253","Vest-norrænt menningarhús í Kaupmannahöfn",0,"2012-09-30"
"01","Forsætisráðuneyti","01261","Óbyggðanefnd",11168451,"2012-09-30"
"01","Forsætisráðuneyti","01271","Ríkislögmaður",17753107,"2012-09-30"
"01","Forsætisráðuneyti","01281","Atvinnuuppbygging og fjölgun vistvænna starfa",800000,"2012-09-30"
"01","Forsætisráðuneyti","01902","Þjóðgarðurinn á Þingvöllum",47462737,"2012-09-30"
"01","Forsætisráðuneyti","01996","Íslenska upplýsingasamfélagið, sameiginleg verkefni ráðuneyta",0,"2012-09-30"
"02","Mennta- og menningarmálaráðuneyti","02101","Mennta- og menningarmálaráðuneyti, aðalskrifstofa",198093195,"2012-09-30"
"02","Mennta- og menningarmálaráðuneyti","02199","Ráðstöfunarfé",0,"2012-09-30"
"02","Mennta- og menningarmálaráðuneyti","02201","Háskóli Íslands",3633297232,"2012-09-30"
"02","Mennta- og menningarmálaráðuneyti","02202","Tilraunastöð Háskólans að Keldum",63991622,"2012-09-30"
"02","Mennta- og menningarmálaráðuneyti","02203","Raunvísindastofnun Háskólans",109063240,"2012-09-30"
"02","Mennta- og menningarmálaráðuneyti","02209","Stofnun Árna Magnússonar í íslenskum fræðum",69721612,"2012-09-30"
"02","Mennta- og menningarmálaráðuneyti","02210","Háskólinn á Akureyri",391222074,"2012-09-30"
"02","Mennta- og menningarmálaráðuneyti","02216","Landbúnaðarháskóli Íslands",155963993,"2012-09-30"
"02","Mennta- og menningarmálaráðuneyti","02217","Hólaskóli - Háskólinn á Hólum",84197804,"2012-09-30"
"02","Mennta- og menningarmálaráðuneyti","02223","Námsmatsstofnun",26147867,"2012-09-30"
"02","Mennta- og menningarmálaráðuneyti","02225","Háskólinn á Bifröst",80425800,"2012-09-30"
"02","Mennta- og menningarmálaráðuneyti","02227","Háskólinn í Reykjavík",503526000,"2012-09-30"
"02","Mennta- og menningarmálaráðuneyti","02228","Listaháskóli Íslands",171850040,"2012-09-30"
"02","Mennta- og menningarmálaráðuneyti","02231","Rannsóknamiðstöð Íslands",79482285,"2012-09-30"
"02","Mennta- og menningarmálaráðuneyti","02235","Markáætlun á sviði vísinda og tækni",37434000,"2012-09-30"
"02","Mennta- og menningarmálaráðuneyti","02236","Rannsóknasjóður",249983931,"2012-09-30"
"02","Mennta- og menningarmálaráðuneyti","02238","Tækjasjóður",17447926,"2012-09-30"
"02","Mennta- og menningarmálaráðuneyti","02239","Rannsóknarnámssjóður",21846464,"2012-09-30"
"02","Mennta- og menningarmálaráðuneyti","02269","Háskóla- og vísindastofnanir, viðhald og stofnkostnaður",-55175219,"2012-09-30"
"02","Mennta- og menningarmálaráðuneyti","02299","Háskóla- og rannsóknastarfsemi",106680651,"2012-09-30"
"02","Mennta- og menningarmálaráðuneyti","02301","Menntaskólinn í Reykjavík",119430190,"2012-09-30"
"02","Mennta- og menningarmálaráðuneyti","02302","Menntaskólinn á Akureyri",124778238,"2012-09-30"
"02","Mennta- og menningarmálaráðuneyti","02303","Menntaskólinn að Laugarvatni",48404670,"2012-09-30"
"02","Mennta- og menningarmálaráðuneyti","02304","Menntaskólinn við Hamrahlíð",217158830,"2012-09-30"
"02","Mennta- og menningarmálaráðuneyti","02305","Menntaskólinn við Sund",112484127,"2012-09-30"
"02","Mennta- og menningarmálaráðuneyti","02306","Menntaskólinn á Ísafirði",60335394,"2012-09-30"
"02","Mennta- og menningarmálaráðuneyti","02307","Menntaskólinn á Egilsstöðum",66259864,"2012-09-30"
"02","Mennta- og menningarmálaráðuneyti","02308","Menntaskólinn í Kópavogi",191512418,"2012-09-30"
"02","Mennta- og menningarmálaráðuneyti","02309","Kvennaskólinn í Reykjavík",90647833,"2012-09-30"
"02","Mennta- og menningarmálaráðuneyti","02316","Fasteignir framhaldsskóla",14267234,"2012-09-30"
"02","Mennta- og menningarmálaráðuneyti","02318","Framhaldsskólar, stofnkostnaður",3517362,"2012-09-30"
"02","Mennta- og menningarmálaráðuneyti","02319","Framhaldsskólar, almennt",165723115,"2012-09-30"
"02","Mennta- og menningarmálaráðuneyti","02320","Nám á framhaldsstigi vegna aðstæðna á vinnumarkaði",16000000,"2012-09-30"
"02","Mennta- og menningarmálaráðuneyti","02350","Fjölbrautaskólinn í Breiðholti",247605228,"2012-09-30"
"02","Mennta- og menningarmálaráðuneyti","02351","Fjölbrautaskólinn Ármúla",210895002,"2012-09-30"
"02","Mennta- og menningarmálaráðuneyti","02352","Flensborgarskóli",147239832,"2012-09-30"
"02","Mennta- og menningarmálaráðuneyti","02353","Fjölbrautaskóli Suðurnesja",177953045,"2012-09-30"
"02","Mennta- og menningarmálaráðuneyti","02354","Fjölbrautaskóli Vesturlands",110951014,"2012-09-30"
"02","Mennta- og menningarmálaráðuneyti","02355","Framhaldsskólinn í Vestmannaeyjum",52088814,"2012-09-30"
"02","Mennta- og menningarmálaráðuneyti","02356","Fjölbrautaskóli Norðurlands vestra",91234239,"2012-09-30"
"02","Mennta- og menningarmálaráðuneyti","02357","Fjölbrautaskóli Suðurlands",186661510,"2012-09-30"
"02","Mennta- og menningarmálaráðuneyti","02358","Verkmenntaskóli Austurlands",50614519,"2012-09-30"
"02","Mennta- og menningarmálaráðuneyti","02359","Verkmenntaskólinn á Akureyri",257380492,"2012-09-30"
"02","Mennta- og menningarmálaráðuneyti","02360","Fjölbrautaskólinn í Garðabæ",117646501,"2012-09-30"
"02","Mennta- og menningarmálaráðuneyti","02361","Framhaldsskólinn í A-Skaftafellssýslu",35560660,"2012-09-30"
"02","Mennta- og menningarmálaráðuneyti","02362","Framhaldsskólinn á Húsavík",29446001,"2012-09-30"
"02","Mennta- og menningarmálaráðuneyti","02363","Framhaldsskólinn á Laugum",44108149,"2012-09-30"
"02","Mennta- og menningarmálaráðuneyti","02365","Borgarholtsskóli",204605413,"2012-09-30"
"02","Mennta- og menningarmálaráðuneyti","02367","Fjölbrautaskóli Snæfellinga",48059820,"2012-09-30"
"02","Mennta- og menningarmálaráðuneyti","02368","Menntaskóli Borgarfjarðar",40985400,"2012-09-30"
"02","Mennta- og menningarmálaráðuneyti","02369","Menntaskólinn Hraðbraut",12158517,"2012-09-30"
"02","Mennta- og menningarmálaráðuneyti","02370","Framhaldsskólinn í Mosfellsbæ",43369263,"2012-09-30"
"02","Mennta- og menningarmálaráðuneyti","02372","Menntaskólinn á Tröllaskaga",29517381,"2012-09-30"
"02","Mennta- og menningarmálaráðuneyti","02430","Samskiptamiðstöð heyrnarlausra og heyrnarskertra",26438868,"2012-09-30"
"02","Mennta- og menningarmálaráðuneyti","02441","Fullorðinsfræðsla fatlaðra",55983873,"2012-09-30"
"02","Mennta- og menningarmálaráðuneyti","02451","Framhaldsfræðsla",314500162,"2012-09-30"
"02","Mennta- og menningarmálaráðuneyti","02504","Tækniskólinn",438498000,"2012-09-30"
"02","Mennta- og menningarmálaráðuneyti","02516","Iðnskólinn í Hafnarfirði",137366262,"2012-09-30"
"02","Mennta- og menningarmálaráðuneyti","02518","Þróunarsjóður fyrir starfsnám",26045000,"2012-09-30"
"02","Mennta- og menningarmálaráðuneyti","02519","Vinnustaðanámssjóður",35631000,"2012-09-30"
"02","Mennta- og menningarmálaráðuneyti","02541","Hússtjórnarskólinn í Reykjavík",5908500,"2012-09-30"
"02","Mennta- og menningarmálaráðuneyti","02551","Hússtjórnarskólinn Hallormsstað",3932000,"2012-09-30"
"02","Mennta- og menningarmálaráðuneyti","02565","Tónlistarnám á vegum sveitarfélaga",120000000,"2012-09-30"
"02","Mennta- og menningarmálaráðuneyti","02571","Sjómannaskólahúsið",0,"2012-09-30"
"02","Mennta- og menningarmálaráðuneyti","02581","Verslunarskóli Íslands",228482400,"2012-09-30"
"02","Mennta- og menningarmálaráðuneyti","02720","Grunnskólar, almennt",6573590,"2012-09-30"
"02","Mennta- og menningarmálaráðuneyti","02725","Námsgagnastofnun",107126542,"2012-09-30"
"02","Mennta- og menningarmálaráðuneyti","02872","Lánasjóður íslenskra námsmanna",52790441,"2012-09-30"
"02","Mennta- og menningarmálaráðuneyti","02884","Jöfnun á námskostnaði",47200000,"2012-09-30"
"02","Mennta- og menningarmálaráðuneyti","02901","Fornleifavernd ríkisins",19627588,"2012-09-30"
"02","Mennta- og menningarmálaráðuneyti","02902","Þjóðminjasafn Íslands",86716073,"2012-09-30"
"02","Mennta- og menningarmálaráðuneyti","02903","Þjóðskjalasafn Íslands",59040298,"2012-09-30"
"02","Mennta- og menningarmálaráðuneyti","02904","Þjóðmenningarhúsið",22976206,"2012-09-30"
"02","Mennta- og menningarmálaráðuneyti","02905","Landsbókasafn Íslands - Háskólabókasafn",70116222,"2012-09-30"
"02","Mennta- og menningarmálaráðuneyti","02906","Listasafn Einars Jónssonar",5143980,"2012-09-30"
"02","Mennta- og menningarmálaráðuneyti","02907","Listasafn Íslands",32475229,"2012-09-30"
"02","Mennta- og menningarmálaráðuneyti","02908","Kvikmyndasafn Íslands",10992308,"2012-09-30"
"02","Mennta- og menningarmálaráðuneyti","02909","Blindrabókasafn Íslands",16771748,"2012-09-30"
"02","Mennta- og menningarmálaráðuneyti","02911","Náttúruminjasafn Íslands",5255877,"2012-09-30"
"02","Mennta- og menningarmálaráðuneyti","02913","Gljúfrasteinn - Hús skáldsins",8453298,"2012-09-30"
"02","Mennta- og menningarmálaráðuneyti","02918","Safnasjóður",24977527,"2012-09-30"
"02","Mennta- og menningarmálaráðuneyti","02919","Söfn og menningarminjar",10920256,"2012-09-30"
"02","Mennta- og menningarmálaráðuneyti","02961","Fjölmiðlanefnd",10230937,"2012-09-30"
"02","Mennta- og menningarmálaráðuneyti","02965","Harpa, tónlistar- og ráðstefnuhús í Reykjavík",134484034,"2012-09-30"
"02","Mennta- og menningarmálaráðuneyti","02969","Menningarstofnanir, viðhald og stofnkostnaður",30416460,"2012-09-30"
"02","Mennta- og menningarmálaráðuneyti","02971","Ríkisútvarpið",775000000,"2012-09-30"
"02","Mennta- og menningarmálaráðuneyti","02972","Íslenski dansflokkurinn",26065413,"2012-09-30"
"02","Mennta- og menningarmálaráðuneyti","02973","Þjóðleikhúsið",118537779,"2012-09-30"
"02","Mennta- og menningarmálaráðuneyti","02974","Sinfóníuhljómsveit Íslands",160498943,"2012-09-30"
"02","Mennta- og menningarmálaráðuneyti","02977","Höfundarréttargjöld",6430806,"2012-09-30"
"02","Mennta- og menningarmálaráðuneyti","02978","Launasjóðir listamanna",121493901,"2012-09-30"
"02","Mennta- og menningarmálaráðuneyti","02979","Húsafriðunarnefnd",24318313,"2012-09-30"
"02","Mennta- og menningarmálaráðuneyti","02980","Listskreytingasjóður",3911977,"2012-09-30"
"02","Mennta- og menningarmálaráðuneyti","02981","Kvikmyndamiðstöð Íslands",93213854,"2012-09-30"
"02","Mennta- og menningarmálaráðuneyti","02982","Listir",308079529,"2012-09-30"
"02","Mennta- og menningarmálaráðuneyti","02983","Ýmis fræðistörf",19307146,"2012-09-30"
"02","Mennta- og menningarmálaráðuneyti","02984","Norræn samvinna",3364244,"2012-09-30"
"02","Mennta- og menningarmálaráðuneyti","02985","Rammaáætlanir ESB um menntun, rannsóknir og tækniþróun",1101092009,"2012-09-30"
"02","Mennta- og menningarmálaráðuneyti","02988","Æskulýðsmál",40568223,"2012-09-30"
"02","Mennta- og menningarmálaráðuneyti","02989","Ýmis íþróttamál",72547879,"2012-09-30"
"02","Mennta- og menningarmálaráðuneyti","02999","Ýmislegt",58766915,"2012-09-30"
"03","Utanríkisráðuneyti","03101","Utanríkisráðuneyti, aðalskrifstofa",317431250,"2012-09-30"
"03","Utanríkisráðuneyti","03111","Þýðingamiðstöð utanríkisráðuneytis",126467584,"2012-09-30"
"03","Utanríkisráðuneyti","03190","Ýmis verkefni",18499019,"2012-09-30"
"03","Utanríkisráðuneyti","03199","Ráðstöfunarfé",0,"2012-09-30"
"03","Utanríkisráðuneyti","03213","Varnarmál",0,"2012-09-30"
"03","Utanríkisráðuneyti","03300","Sendiráð Íslands",689197075,"2012-09-30"
"03","Utanríkisráðuneyti","03390","Þróunarsamvinnustofnun Íslands",226639797,"2012-09-30"
"03","Utanríkisráðuneyti","03391","Þróunarmál og alþjóðleg hjálparstarfsemi",258429024,"2012-09-30"
"03","Utanríkisráðuneyti","03401","Alþjóðastofnanir",381204391,"2012-09-30"
"03","Utanríkisráðuneyti","03611","Íslandsstofa",111415212,"2012-09-30"
"04","Sjávarútvegs- og landbúnaðarráðuneyti","04101","Sjávarútvegs- og landbúnaðarráðuneyti, aðalskrifstofa",109631699,"2012-09-30"
"04","Sjávarútvegs- og landbúnaðarráðuneyti","04190","Ýmis verkefni",54018164,"2012-09-30"
"04","Sjávarútvegs- og landbúnaðarráðuneyti","04199","Ráðstöfunarfé",0,"2012-09-30"
"04","Sjávarútvegs- og landbúnaðarráðuneyti","04215","Fiskistofa",231681088,"2012-09-30"
"04","Sjávarútvegs- og landbúnaðarráðuneyti","04217","Verðlagsstofa skiptaverðs",4095569,"2012-09-30"
"04","Sjávarútvegs- og landbúnaðarráðuneyti","04234","Matvælastofnun",299572990,"2012-09-30"
"04","Sjávarútvegs- og landbúnaðarráðuneyti","04331","Héraðs- og Austurlandsskógar",50465375,"2012-09-30"
"04","Sjávarútvegs- og landbúnaðarráðuneyti","04332","Suðurlandsskógar",9070057,"2012-09-30"
"04","Sjávarútvegs- og landbúnaðarráðuneyti","04334","Vesturlandsskógar",12080262,"2012-09-30"
"04","Sjávarútvegs- og landbúnaðarráðuneyti","04335","Skjólskógar á Vestfjörðum",11327441,"2012-09-30"
"04","Sjávarútvegs- og landbúnaðarráðuneyti","04336","Norðurlandsskógar",44041733,"2012-09-30"
"04","Sjávarútvegs- og landbúnaðarráðuneyti","04401","Hafrannsóknastofnunin",158213851,"2012-09-30"
"04","Sjávarútvegs- og landbúnaðarráðuneyti","04405","Veiðimálastofnun",13840399,"2012-09-30"
"04","Sjávarútvegs- og landbúnaðarráðuneyti","04411","Matvælarannsóknir",67700000,"2012-09-30"
"04","Sjávarútvegs- og landbúnaðarráðuneyti","04413","Verkefnasjóður sjávarútvegsins",320525770,"2012-09-30"
"04","Sjávarútvegs- og landbúnaðarráðuneyti","04414","Sjávarspendýrasjóður",0,"2012-09-30"
"04","Sjávarútvegs- og landbúnaðarráðuneyti","04415","Sjóður til síldarrannsókna",0,"2012-09-30"
"04","Sjávarútvegs- og landbúnaðarráðuneyti","04416","Veiðarfærarannsóknir",0,"2012-09-30"
"04","Sjávarútvegs- og landbúnaðarráðuneyti","04417","Rannsóknasjóður til að auka verðmæti sjávarfangs",225812163,"2012-09-30"
"04","Sjávarútvegs- og landbúnaðarráðuneyti","04421","Bygging rannsóknastofnana sjávarútvegsins",36943300,"2012-09-30"
"04","Sjávarútvegs- og landbúnaðarráðuneyti","04423","Skrifstofa rannsóknastofnana atvinnuveganna",15849120,"2012-09-30"
"04","Sjávarútvegs- og landbúnaðarráðuneyti","04426","Húsbyggingarsjóður",0,"2012-09-30"
"04","Sjávarútvegs- og landbúnaðarráðuneyti","04481","Rannsóknir háskóla í þágu landbúnaðar",39000000,"2012-09-30"
"04","Sjávarútvegs- og landbúnaðarráðuneyti","04483","Landgræðsla og skógrækt í þágu landbúnaðar",8000000,"2012-09-30"
"04","Sjávarútvegs- og landbúnaðarráðuneyti","04488","Hagskýrslur og hagrannsóknir um landbúnað",10843878,"2012-09-30"
"04","Sjávarútvegs- og landbúnaðarráðuneyti","04801","Greiðslur vegna mjólkurframleiðslu",1494367761,"2012-09-30"
"04","Sjávarútvegs- og landbúnaðarráðuneyti","04805","Greiðslur vegna sauðfjárframleiðslu",802856817,"2012-09-30"
"04","Sjávarútvegs- og landbúnaðarráðuneyti","04807","Greiðslur vegna grænmetisframleiðslu",161337310,"2012-09-30"
"04","Sjávarútvegs- og landbúnaðarráðuneyti","04811","Bændasamtök Íslands",103950000,"2012-09-30"
"04","Sjávarútvegs- og landbúnaðarráðuneyti","04818","Búnaðarsjóður",108404633,"2012-09-30"
"04","Sjávarútvegs- og landbúnaðarráðuneyti","04821","Framleiðnisjóður landbúnaðarins",3239657,"2012-09-30"
"04","Sjávarútvegs- og landbúnaðarráðuneyti","04824","Verðmiðlun landbúnaðarvara",101250000,"2012-09-30"
"04","Sjávarútvegs- og landbúnaðarráðuneyti","04827","Fóðursjóður",588148116,"2012-09-30"
"04","Sjávarútvegs- og landbúnaðarráðuneyti","04831","Jarðasjóður og Jarðeignir ríkisins",18212291,"2012-09-30"
"04","Sjávarútvegs- og landbúnaðarráðuneyti","04843","Fiskræktarsjóður",1797829,"2012-09-30"
"04","Sjávarútvegs- og landbúnaðarráðuneyti","04851","Greiðslur vegna riðuveiki",3901999,"2012-09-30"
"04","Sjávarútvegs- og landbúnaðarráðuneyti","04853","Bjargráðasjóður",1670000,"2012-09-30"
"04","Sjávarútvegs- og landbúnaðarráðuneyti","04891","Sérstakar greiðslur í landbúnaði",0,"2012-09-30"
"06","Innanríkisráðuneyti","06101","Innanríkisráðuneyti, aðalskrifstofa",162314508,"2012-09-30"
"06","Innanríkisráðuneyti","06102","Stjórnartíðindi",6221732,"2012-09-30"
"06","Innanríkisráðuneyti","06103","Lagasafn",0,"2012-09-30"
"06","Innanríkisráðuneyti","06111","Kosningar",238393692,"2012-09-30"
"06","Innanríkisráðuneyti","06190","Ýmis verkefni",53181015,"2012-09-30"
"06","Innanríkisráðuneyti","06201","Hæstiréttur",33722841,"2012-09-30"
"06","Innanríkisráðuneyti","06210","Héraðsdómstólar",321499835,"2012-09-30"
"06","Innanríkisráðuneyti","06231","Málskostnaður í opinberum málum",122128949,"2012-09-30"
"06","Innanríkisráðuneyti","06232","Opinber réttaraðstoð",69044036,"2012-09-30"
"06","Innanríkisráðuneyti","06235","Bætur brotaþola",-1482573,"2012-09-30"
"06","Innanríkisráðuneyti","06236","Sanngirnisbætur vegna misgjörða á vistheimilum fyrir börn",201531886,"2012-09-30"
"06","Innanríkisráðuneyti","06251","Persónuvernd",18609716,"2012-09-30"
"06","Innanríkisráðuneyti","06295","Landsdómur",148000,"2012-09-30"
"06","Innanríkisráðuneyti","06301","Ríkissaksóknari",37154146,"2012-09-30"
"06","Innanríkisráðuneyti","06303","Ríkislögreglustjóri",302914947,"2012-09-30"
"06","Innanríkisráðuneyti","06305","Lögregluskóli ríkisins",50409927,"2012-09-30"
"06","Innanríkisráðuneyti","06309","Sérstakur saksóknari samkvæmt lögum nr. 135/2008",302328492,"2012-09-30"
"06","Innanríkisráðuneyti","06310","Lögreglustjórinn á höfuðborgarsvæðinu",830706626,"2012-09-30"
"06","Innanríkisráðuneyti","06312","Lögreglustjórinn á Suðurnesjum",244291911,"2012-09-30"
"06","Innanríkisráðuneyti","06325","Samræmd neyðarsvörun",71075001,"2012-09-30"
"06","Innanríkisráðuneyti","06390","Ýmis löggæslu- og öryggismál",119638029,"2012-09-30"
"06","Innanríkisráðuneyti","06395","Landhelgisgæsla Íslands",1069359386,"2012-09-30"
"06","Innanríkisráðuneyti","06396","Landhelgissjóður Íslands",651250,"2012-09-30"
"06","Innanríkisráðuneyti","06397","Schengen-samstarf",44695518,"2012-09-30"
"06","Innanríkisráðuneyti","06398","Útlendingastofnun",42577217,"2012-09-30"
"06","Innanríkisráðuneyti","06399","Hælisleitendur",55594507,"2012-09-30"
"06","Innanríkisráðuneyti","06411","Sýslumaðurinn í Reykjavík",80465247,"2012-09-30"
"06","Innanríkisráðuneyti","06412","Sýslumaðurinn á Akranesi",44548138,"2012-09-30"
"06","Innanríkisráðuneyti","06413","Sýslumaðurinn í Borgarnesi",46990496,"2012-09-30"
"06","Innanríkisráðuneyti","06414","Sýslumaður Snæfellinga",45348744,"2012-09-30"
"06","Innanríkisráðuneyti","06415","Sýslumaðurinn í Búðardal",5319933,"2012-09-30"
"06","Innanríkisráðuneyti","06416","Sýslumaðurinn á Patreksfirði",8961173,"2012-09-30"
"06","Innanríkisráðuneyti","06417","Sýslumaðurinn í Bolungarvík",8476124,"2012-09-30"
"06","Innanríkisráðuneyti","06418","Sýslumaðurinn á Ísafirði",86218909,"2012-09-30"
"06","Innanríkisráðuneyti","06419","Sýslumaðurinn á Hólmavík",5735706,"2012-09-30"
"06","Innanríkisráðuneyti","06420","Sýslumaðurinn á Blönduósi",54969925,"2012-09-30"
"06","Innanríkisráðuneyti","06421","Sýslumaðurinn á Sauðárkróki",39598341,"2012-09-30"
"06","Innanríkisráðuneyti","06422","Sýslumaðurinn á Siglufirði",11595694,"2012-09-30"
"06","Innanríkisráðuneyti","06424","Sýslumaðurinn á Akureyri",146652901,"2012-09-30"
"06","Innanríkisráðuneyti","06425","Sýslumaðurinn á Húsavík",46945984,"2012-09-30"
"06","Innanríkisráðuneyti","06426","Sýslumaðurinn á Seyðisfirði",48882777,"2012-09-30"
"06","Innanríkisráðuneyti","06428","Sýslumaðurinn á Eskifirði",65391531,"2012-09-30"
"06","Innanríkisráðuneyti","06429","Sýslumaðurinn á Höfn í Hornafirði",8466417,"2012-09-30"
"06","Innanríkisráðuneyti","06430","Sýslumaðurinn í Vík í Mýrdal",8215389,"2012-09-30"
"06","Innanríkisráðuneyti","06431","Sýslumaðurinn á Hvolsvelli",50038521,"2012-09-30"
"06","Innanríkisráðuneyti","06432","Sýslumaðurinn í Vestmannaeyjum",49227038,"2012-09-30"
"06","Innanríkisráðuneyti","06433","Sýslumaðurinn á Selfossi",100590390,"2012-09-30"
"06","Innanríkisráðuneyti","06434","Sýslumaðurinn í Reykjanesbæ",37055066,"2012-09-30"
"06","Innanríkisráðuneyti","06436","Sýslumaðurinn í Hafnarfirði",46552588,"2012-09-30"
"06","Innanríkisráðuneyti","06437","Sýslumaðurinn í Kópavogi",55393389,"2012-09-30"
"06","Innanríkisráðuneyti","06490","Ýmis rekstrarkostnaður sýslumannsembætta",21491813,"2012-09-30"
"06","Innanríkisráðuneyti","06501","Fangelsismálastofnun ríkisins",321157852,"2012-09-30"
"06","Innanríkisráðuneyti","06591","Fangelsisbyggingar",12792216,"2012-09-30"
"06","Innanríkisráðuneyti","06651","Vegagerðin",5289164952,"2012-09-30"
"06","Innanríkisráðuneyti","06657","Umferðarstofa",55313239,"2012-09-30"
"06","Innanríkisráðuneyti","06658","Rannsóknanefnd umferðarslysa",17221505,"2012-09-30"
"06","Innanríkisráðuneyti","06661","Siglingastofnun Íslands",224891642,"2012-09-30"
"06","Innanríkisráðuneyti","06662","Hafnarframkvæmdir",196941146,"2012-09-30"
"06","Innanríkisráðuneyti","06668","Rannsóknanefnd sjóslysa",8190541,"2012-09-30"
"06","Innanríkisráðuneyti","06671","Flugmálastjórn Íslands",121563623,"2012-09-30"
"06","Innanríkisráðuneyti","06672","Flugvellir og flugleiðsöguþjónusta",450192000,"2012-09-30"
"06","Innanríkisráðuneyti","06678","Rannsóknanefnd flugslysa",12546947,"2012-09-30"
"06","Innanríkisráðuneyti","06681","Póst- og fjarskiptastofnunin",83238673,"2012-09-30"
"06","Innanríkisráðuneyti","06682","Jöfnunarsjóður alþjónustu",0,"2012-09-30"
"06","Innanríkisráðuneyti","06689","Fjarskiptasjóður",15242278,"2012-09-30"
"06","Innanríkisráðuneyti","06701","Þjóðkirkjan",389252347,"2012-09-30"
"06","Innanríkisráðuneyti","06705","Kirkjumálasjóður",57359244,"2012-09-30"
"06","Innanríkisráðuneyti","06707","Kristnisjóður",18300000,"2012-09-30"
"06","Innanríkisráðuneyti","06733","Kirkjugarðar",222000000,"2012-09-30"
"06","Innanríkisráðuneyti","06735","Sóknargjöld",463656822,"2012-09-30"
"06","Innanríkisráðuneyti","06736","Jöfnunarsjóður sókna",74206017,"2012-09-30"
"06","Innanríkisráðuneyti","06801","Neytendastofa",43045354,"2012-09-30"
"06","Innanríkisráðuneyti","06805","Talsmaður neytenda",3321657,"2012-09-30"
"06","Innanríkisráðuneyti","06821","Þjóðskrá Íslands",261741060,"2012-09-30"
"06","Innanríkisráðuneyti","06841","Jöfnunarsjóður sveitarfélaga",3709984600,"2012-09-30"
"06","Innanríkisráðuneyti","06848","Meðlög samkvæmt lögum nr. 76/2003",10682060,"2012-09-30"
"06","Innanríkisráðuneyti","06996","Íslenska upplýsingasamfélagið",839030,"2012-09-30"
"08","Velferðarráðuneyti","08101","Velferðarráðuneyti, aðalskrifstofa",235940104,"2012-09-30"
"08","Velferðarráðuneyti","08190","Ýmis verkefni",41643530,"2012-09-30"
"08","Velferðarráðuneyti","08201","Tryggingastofnun ríkisins",229735069,"2012-09-30"
"08","Velferðarráðuneyti","08202","Sjúkratryggingar Íslands",112178470,"2012-09-30"
"08","Velferðarráðuneyti","08203","Bætur samkvæmt lögum um félagslega aðstoð",3279092590,"2012-09-30"
"08","Velferðarráðuneyti","08204","Lífeyristryggingar",15670460749,"2012-09-30"
"08","Velferðarráðuneyti","08206","Sjúkratryggingar",7125390496,"2012-09-30"
"08","Velferðarráðuneyti","08208","Slysatryggingar",75912813,"2012-09-30"
"08","Velferðarráðuneyti","08209","Sjúklingatrygging",6080418,"2012-09-30"
"08","Velferðarráðuneyti","08214","Eftirlaunasjóður aldraðra",10504074,"2012-09-30"
"08","Velferðarráðuneyti","08301","Landlæknir",203019273,"2012-09-30"
"08","Velferðarráðuneyti","08317","Lyfjastofnun",108703798,"2012-09-30"
"08","Velferðarráðuneyti","08327","Geislavarnir ríkisins",22769911,"2012-09-30"
"08","Velferðarráðuneyti","08331","Vinnueftirlit ríkisins",129204505,"2012-09-30"
"08","Velferðarráðuneyti","08332","Ríkissáttasemjari",15677052,"2012-09-30"
"08","Velferðarráðuneyti","08333","Jafnréttisstofa",24905920,"2012-09-30"
"08","Velferðarráðuneyti","08334","Umboðsmaður skuldara",292353282,"2012-09-30"
"08","Velferðarráðuneyti","08358","Sjúkrahúsið á Akureyri",1118348904,"2012-09-30"
"08","Velferðarráðuneyti","08373","Landspítali",9183232544,"2012-09-30"
"08","Velferðarráðuneyti","08379","Sjúkrahús, óskipt",8717195,"2012-09-30"
"08","Velferðarráðuneyti","08383","Sjúkrahótel",24200694,"2012-09-30"
"08","Velferðarráðuneyti","08388","Samtök áhugamanna um áfengisvandamálið",163842000,"2012-09-30"
"08","Velferðarráðuneyti","08398","Félagsmál, ýmis starfsemi",108374341,"2012-09-30"
"08","Velferðarráðuneyti","08399","Heilbrigðismál, ýmis starfsemi",257474625,"2012-09-30"
"08","Velferðarráðuneyti","08401","Öldrunarstofnanir, almennt",44342211,"2012-09-30"
"08","Velferðarráðuneyti","08402","Framkvæmdasjóður aldraðra",116786369,"2012-09-30"
"08","Velferðarráðuneyti","08405","Hrafnista, Reykjavík",456441562,"2012-09-30"
"08","Velferðarráðuneyti","08406","Hrafnista, Hafnarfirði",418552127,"2012-09-30"
"08","Velferðarráðuneyti","08407","Grund, Reykjavik",395309054,"2012-09-30"
"08","Velferðarráðuneyti","08408","Sunnuhlíð, Kópavogi",158565225,"2012-09-30"
"08","Velferðarráðuneyti","08409","Hjúkrunarheimilið Skjól",234511322,"2012-09-30"
"08","Velferðarráðuneyti","08410","Hjúkrunarheimilið Eir",394409631,"2012-09-30"
"08","Velferðarráðuneyti","08411","Garðvangur, Garði",83140141,"2012-09-30"
"08","Velferðarráðuneyti","08412","Hjúkrunarheimilið Skógarbær",114128656,"2012-09-30"
"08","Velferðarráðuneyti","08413","Hjúkrunarheimilið Droplaugarstöðum",172471087,"2012-09-30"
"08","Velferðarráðuneyti","08414","Hjúkrunarheimilið Lundur, Hellu",64568645,"2012-09-30"
"08","Velferðarráðuneyti","08415","Hjúkrunarheimilið Hulduhlíð, Eskifirði",32588710,"2012-09-30"
"08","Velferðarráðuneyti","08416","Hjúkrunarheimilið Hornbrekka, Ólafsfirði",48502369,"2012-09-30"
"08","Velferðarráðuneyti","08417","Hjúkrunarheimilið Naust, Þórshöfn",17129818,"2012-09-30"
"08","Velferðarráðuneyti","08418","Seljahlíð, Reykjavík",46134044,"2012-09-30"
"08","Velferðarráðuneyti","08419","Sólvangur, Hafnarfirði",149183015,"2012-09-30"
"08","Velferðarráðuneyti","08423","Höfði, Akranesi",130317856,"2012-09-30"
"08","Velferðarráðuneyti","08424","Dvalarheimili aldraðra Borgarnesi",78974284,"2012-09-30"
"08","Velferðarráðuneyti","08425","Dvalarheimili aldraðra Stykkishólmi",30407717,"2012-09-30"
"08","Velferðarráðuneyti","08426","Fellaskjól, Grundarfirði",22530579,"2012-09-30"
"08","Velferðarráðuneyti","08427","Jaðar, Ólafsvík",21308997,"2012-09-30"
"08","Velferðarráðuneyti","08428","Fellsendi, Búðardal",50876784,"2012-09-30"
"08","Velferðarráðuneyti","08429","Barmahlíð, Reykhólum",27705420,"2012-09-30"
"08","Velferðarráðuneyti","08433","Dalbær, Dalvík",68901924,"2012-09-30"
"08","Velferðarráðuneyti","08434","Samningur við Akureyrarbæ um öldrunarþjónustu",329740971,"2012-09-30"
"08","Velferðarráðuneyti","08436","Uppsalir, Fáskrúðsfirði",32763027,"2012-09-30"
"08","Velferðarráðuneyti","08437","Samningur við Sveitarfélagið Hornafjörð um öldrunarþjónustu",55903159,"2012-09-30"
"08","Velferðarráðuneyti","08438","Klausturhólar, Kirkjubæjarklaustri",23456044,"2012-09-30"
"08","Velferðarráðuneyti","08439","Hjallatún, Vík",28879024,"2012-09-30"
"08","Velferðarráðuneyti","08440","Kumbaravogur, Stokkseyri",70371309,"2012-09-30"
"08","Velferðarráðuneyti","08441","Ás/Ásbyrgi, Hveragerði",182666267,"2012-09-30"
"08","Velferðarráðuneyti","08442","Hraunbúðir, Vestmannaeyjum",64149124,"2012-09-30"
"08","Velferðarráðuneyti","08443","Holtsbúð, Garðabæ",91590022,"2012-09-30"
"08","Velferðarráðuneyti","08445","Mörk, Reykjavík",205333224,"2012-09-30"
"08","Velferðarráðuneyti","08446","Hrafnista, Kópavogi",85858546,"2012-09-30"
"08","Velferðarráðuneyti","08447","Sóltún, Reykjavík",278313457,"2012-09-30"
"08","Velferðarráðuneyti","08460","Dvalarrými aldraðra, önnur",99674884,"2012-09-30"
"08","Velferðarráðuneyti","08470","Vesturhlíð, Reykjavík",2268536,"2012-09-30"
"08","Velferðarráðuneyti","08472","Hlíðabær, Reykjavik",14082516,"2012-09-30"
"08","Velferðarráðuneyti","08473","Lindargata, Reykjavík",12038625,"2012-09-30"
"08","Velferðarráðuneyti","08474","Dagvist og endurhæfingarstöð MS-sjúklinga",20775420,"2012-09-30"
"08","Velferðarráðuneyti","08475","Múlabær, Reykjavík",20475350,"2012-09-30"
"08","Velferðarráðuneyti","08476","Fríðuhús, Reykjavík",13058568,"2012-09-30"
"08","Velferðarráðuneyti","08477","Dagvistun aldraðra, aðrar",173809517,"2012-09-30"
"08","Velferðarráðuneyti","08479","Hlaðgerðarkot",22261000,"2012-09-30"
"08","Velferðarráðuneyti","08491","Reykjalundur, Mosfellsbæ",342822000,"2012-09-30"
"08","Velferðarráðuneyti","08492","Heilsustofnun Náttúrulækningafélags Íslands",131571600,"2012-09-30"
"08","Velferðarráðuneyti","08493","Sjálfsbjörg, hjúkrunar- og endurhæfingarstofnun",120765000,"2012-09-30"
"08","Velferðarráðuneyti","08494","Hlein",29755500,"2012-09-30"
"08","Velferðarráðuneyti","08500","Heilsugæslustöðvar, almennt",13446690,"2012-09-30"
"08","Velferðarráðuneyti","08501","Sjúkraflutningar",254042560,"2012-09-30"
"08","Velferðarráðuneyti","08506","Heilsugæsla á höfuðborgarsvæðinu",1094355475,"2012-09-30"
"08","Velferðarráðuneyti","08508","Miðstöð heimahjúkrunar á höfuðborgarsvæðinu",266250000,"2012-09-30"
"08","Velferðarráðuneyti","08515","Heilsugæslustöðin Lágmúla í Reykjavík",45293100,"2012-09-30"
"08","Velferðarráðuneyti","08517","Læknavaktin",82057200,"2012-09-30"
"08","Velferðarráðuneyti","08552","Heilsugæslustöðin Dalvík",31993220,"2012-09-30"
"08","Velferðarráðuneyti","08553","Samningur við Akureyrarbæ um heilsugæslu",130675200,"2012-09-30"
"08","Velferðarráðuneyti","08588","Heilsugæslustöðin í Salahverfi í Kópavogi",75797206,"2012-09-30"
"08","Velferðarráðuneyti","08700","Heilbrigðisstofnanir",353308,"2012-09-30"
"08","Velferðarráðuneyti","08716","Heilbrigðisstofnun Vesturlands",673222996,"2012-09-30"
"08","Velferðarráðuneyti","08721","Heilbrigðisstofnunin Patreksfirði",71843958,"2012-09-30"
"08","Velferðarráðuneyti","08726","Heilbrigðisstofnun Vestfjarða",281215487,"2012-09-30"
"08","Velferðarráðuneyti","08745","Heilbrigðisstofnunin Blönduósi",106674012,"2012-09-30"
"08","Velferðarráðuneyti","08751","Heilbrigðisstofnunin Sauðárkróki",204466396,"2012-09-30"
"08","Velferðarráðuneyti","08756","Heilbrigðisstofnunin Fjallabyggð",111106066,"2012-09-30"
"08","Velferðarráðuneyti","08761","Heilbrigðisstofnun Þingeyinga",247871907,"2012-09-30"
"08","Velferðarráðuneyti","08777","Heilbrigðisstofnun Austurlands",561678618,"2012-09-30"
"08","Velferðarráðuneyti","08779","Heilbrigðisstofnun Suð-Austurlands",53126200,"2012-09-30"
"08","Velferðarráðuneyti","08781","Heilbrigðisstofnunin Vestmannaeyjum",193206973,"2012-09-30"
"08","Velferðarráðuneyti","08787","Heilbrigðisstofnun Suðurlands",534903194,"2012-09-30"
"08","Velferðarráðuneyti","08791","Heilbrigðisstofnun Suðurnesja",454627342,"2012-09-30"
"08","Velferðarráðuneyti","08801","Greiningar- og ráðgjafarstöð ríkisins",102158511,"2012-09-30"
"08","Velferðarráðuneyti","08805","Þjónustu- og þekkingarmiðstöð fyrir blinda og sjónskerta",63176557,"2012-09-30"
"08","Velferðarráðuneyti","08807","Heyrnar- og talmeinastöð Íslands",50830614,"2012-09-30"
"08","Velferðarráðuneyti","08809","Málefni fatlaðra",258439066,"2012-09-30"
"08","Velferðarráðuneyti","08821","Barnaverndarstofa",242785064,"2012-09-30"
"08","Velferðarráðuneyti","08841","Vinnumálastofnun",73530330,"2012-09-30"
"08","Velferðarráðuneyti","08842","Vinnumál",36900944,"2012-09-30"
"08","Velferðarráðuneyti","08851","Atvinnuleysistryggingasjóður",5101283303,"2012-09-30"
"08","Velferðarráðuneyti","08852","Tryggingasjóður sjálfstætt starfandi einstaklinga",3682085,"2012-09-30"
"08","Velferðarráðuneyti","08853","Ábyrgðasjóður launa",189342623,"2012-09-30"
"08","Velferðarráðuneyti","08854","Fæðingarorlof",2183079292,"2012-09-30"
"08","Velferðarráðuneyti","08855","Foreldrar langveikra eða alvarlega fatlaðra barna",23970290,"2012-09-30"
"08","Velferðarráðuneyti","08856","Starfsendurhæfing",73442902,"2012-09-30"
"08","Velferðarráðuneyti","08861","Leiguíbúðir",0,"2012-09-30"
"09","Fjármálaráðuneyti","09101","Fjármálaráðuneyti, aðalskrifstofa",180462029,"2012-09-30"
"09","Fjármálaráðuneyti","09103","Fjársýsla ríkisins",337862666,"2012-09-30"
"09","Fjármálaráðuneyti","09199","Ráðstöfunarfé",0,"2012-09-30"
"09","Fjármálaráðuneyti","09210","Ríkisskattstjóri",571098148,"2012-09-30"
"09","Fjármálaráðuneyti","09212","Skatta- og tollamál, ýmis útgjöld",786626,"2012-09-30"
"09","Fjármálaráðuneyti","09214","Yfirskattanefnd",32045938,"2012-09-30"
"09","Fjármálaráðuneyti","09215","Skattrannsóknarstjóri ríkisins",74672204,"2012-09-30"
"09","Fjármálaráðuneyti","09250","Innheimtukostnaður",98985217,"2012-09-30"
"09","Fjármálaráðuneyti","09262","Tollstjórinn",539881072,"2012-09-30"
"09","Fjármálaráðuneyti","09381","Lífeyrisskuldbindingar, eftirlaun",2315904181,"2012-09-30"
"09","Fjármálaráðuneyti","09721","Fjármagnstekjuskattur",346113961,"2012-09-30"
"09","Fjármálaráðuneyti","09811","Barnabætur",1916927010,"2012-09-30"
"09","Fjármálaráðuneyti","09821","Vaxtabætur",11883719481,"2012-09-30"
"09","Fjármálaráðuneyti","09901","Framkvæmdasýsla ríkisins",-6883327,"2012-09-30"
"09","Fjármálaráðuneyti","09905","Ríkiskaup",6249533,"2012-09-30"
"09","Fjármálaráðuneyti","09971","Ríkisábyrgðir",40004357,"2012-09-30"
"09","Fjármálaráðuneyti","09973","Tapaðar kröfur og tjónabætur",1442833,"2012-09-30"
"09","Fjármálaráðuneyti","09976","Lánaumsýsla ríkissjóðs",25867113,"2012-09-30"
"09","Fjármálaráðuneyti","09977","Bankasýsla ríkisins",17809741,"2012-09-30"
"09","Fjármálaráðuneyti","09980","Rekstrarfélag Stjórnarráðsins",3332696,"2012-09-30"
"09","Fjármálaráðuneyti","09981","Ýmsar fasteignir ríkissjóðs",7110151,"2012-09-30"
"09","Fjármálaráðuneyti","09984","Fasteignir ríkissjóðs",-71406259,"2012-09-30"
"09","Fjármálaráðuneyti","09985","Fyrrum varnarsvæði við Keflavíkurflugvöll",100000000,"2012-09-30"
"09","Fjármálaráðuneyti","09991","Aðflutningsgjöld af útflutningi notaðra ökutækja",0,"2012-09-30"
"09","Fjármálaráðuneyti","09994","Virðisaukaskattur ríkisstofnana af tölvuvinnslu",44654256,"2012-09-30"
"09","Fjármálaráðuneyti","09999","Ýmislegt",167057476,"2012-09-30"
"11","Iðnaðarráðuneyti","11101","Iðnaðarráðuneyti, aðalskrifstofa",52196494,"2012-09-30"
"11","Iðnaðarráðuneyti","11199","Ráðstöfunarfé",0,"2012-09-30"
"11","Iðnaðarráðuneyti","11205","Nýsköpunarmiðstöð Íslands",172209888,"2012-09-30"
"11","Iðnaðarráðuneyti","11240","Iðnaðarrannsóknir og stóriðja",1109098,"2012-09-30"
"11","Iðnaðarráðuneyti","11242","Tækniþróunarsjóður",52086000,"2012-09-30"
"11","Iðnaðarráðuneyti","11251","Endurgreiðslur vegna kvikmyndagerðar á Íslandi",3331820,"2012-09-30"
"11","Iðnaðarráðuneyti","11299","Iðja og iðnaður, framlög",84116979,"2012-09-30"
"11","Iðnaðarráðuneyti","11301","Orkustofnun",114619389,"2012-09-30"
"11","Iðnaðarráðuneyti","11371","Orkusjóður",7800000,"2012-09-30"
"11","Iðnaðarráðuneyti","11373","Niðurgreiðslur á húshitun",349084626,"2012-09-30"
"11","Iðnaðarráðuneyti","11375","Jöfnun kostnaðar við dreifingu raforku",118238140,"2012-09-30"
"11","Iðnaðarráðuneyti","11399","Ýmis orkumál",772835,"2012-09-30"
"11","Iðnaðarráðuneyti","11401","Byggðaáætlun",155502277,"2012-09-30"
"11","Iðnaðarráðuneyti","11411","Byggðastofnun",77175000,"2012-09-30"
"11","Iðnaðarráðuneyti","11501","Ferðamálastofa",142887235,"2012-09-30"
"11","Iðnaðarráðuneyti","11511","Framkvæmdasjóður ferðamannastaða",250000,"2012-09-30"
"11","Iðnaðarráðuneyti","11599","Ýmis ferðamál",140702894,"2012-09-30"
"12","Efnahags- og viðskiptaráðuneyti","12101","Efnahags- og viðskiptaráðuneyti, aðalskrifstofa",64206983,"2012-09-30"
"12","Efnahags- og viðskiptaráðuneyti","12190","Ýmis verkefni",28231118,"2012-09-30"
"12","Efnahags- og viðskiptaráðuneyti","12199","Ráðstöfunarfé",0,"2012-09-30"
"12","Efnahags- og viðskiptaráðuneyti","12402","Fjármálaeftirlitið",414014635,"2012-09-30"
"12","Efnahags- og viðskiptaráðuneyti","12411","Samkeppniseftirlitið",76646207,"2012-09-30"
"12","Efnahags- og viðskiptaráðuneyti","12431","Einkaleyfastofan",52515973,"2012-09-30"
"12","Efnahags- og viðskiptaráðuneyti","12501","Hagstofa Íslands",225902355,"2012-09-30"
"12","Efnahags- og viðskiptaráðuneyti","12811","Flutningssjóður olíuvara",107499000,"2012-09-30"
"14","Umhverfisráðuneyti","14101","Umhverfisráðuneyti, aðalskrifstofa",95548653,"2012-09-30"
"14","Umhverfisráðuneyti","14190","Ýmis verkefni",57160192,"2012-09-30"
"14","Umhverfisráðuneyti","14199","Ráðstöfunarfé",0,"2012-09-30"
"14","Umhverfisráðuneyti","14202","Náttúrurannsóknastöðin við Mývatn",5980564,"2012-09-30"
"14","Umhverfisráðuneyti","14211","Umhverfisstofnun",227020693,"2012-09-30"
"14","Umhverfisráðuneyti","14212","Vatnajökulsþjóðgarður",90139279,"2012-09-30"
"14","Umhverfisráðuneyti","14231","Landgræðsla ríkisins",133463313,"2012-09-30"
"14","Umhverfisráðuneyti","14241","Skógrækt ríkisins",52049120,"2012-09-30"
"14","Umhverfisráðuneyti","14243","Hekluskógar",3432556,"2012-09-30"
"14","Umhverfisráðuneyti","14287","Úrvinnslusjóður",195097278,"2012-09-30"
"14","Umhverfisráðuneyti","14289","Endurvinnslan hf.",362308492,"2012-09-30"
"14","Umhverfisráðuneyti","14301","Skipulagsstofnun",54693945,"2012-09-30"
"14","Umhverfisráðuneyti","14303","Skipulagsmál sveitarfélaga",3428299,"2012-09-30"
"14","Umhverfisráðuneyti","14310","Landmælingar Íslands",62443345,"2012-09-30"
"14","Umhverfisráðuneyti","14320","Mannvirkjastofnun",93674003,"2012-09-30"
"14","Umhverfisráðuneyti","14381","Ofanflóðasjóður",484946338,"2012-09-30"
"14","Umhverfisráðuneyti","14401","Náttúrufræðistofnun Íslands",179737731,"2012-09-30"
"14","Umhverfisráðuneyti","14403","Náttúrustofur",30519000,"2012-09-30"
"14","Umhverfisráðuneyti","14407","Stofnun Vilhjálms Stefánssonar",16429386,"2012-09-30"
"14","Umhverfisráðuneyti","14412","Veðurstofa Íslands",180350776,"2012-09-30"
"19","Fjármagnskostnaður","19801","Vaxtagjöld ríkissjóðs",11655720232,"2012-09-30"
